<?xml version="1.0" encoding="UTF-8" standalone="no"?>
<registration_data version="1.0">
   <environment>
      <hostname>castaneda-note</hostname>
      <hostId/>
      <osName>Windows 7</osName>
      <osVersion>6.1</osVersion>
      <osArchitecture>x86</osArchitecture>
      <systemModel>HP Pavilion dv4</systemModel>
      <systemManufacturer>Hewlett-Packard</systemManufacturer>
      <cpuManufacturer>GenuineIntel</cpuManufacturer>
      <serialNumber>BRG846F5W6</serialNumber>
   </environment>
   <registry urn="urn:st:1f69f074-d682-44d5-ab7a-80f3a4b9bad5" version="1.0">
      <service_tag>
         <instance_urn>urn:st:db3bbe75-1931-45db-9071-3c382c6e2c00</instance_urn>
         <product_name>Java SE 6 Development Kit</product_name>
         <product_version>1.6.0_20</product_version>
         <product_urn>urn:uuid:b58ef9a8-5ae8-11db-a023-080020a9ed93</product_urn>
         <product_parent_urn>urn:uuid:fdc90b21-018d-4cab-b866-612c7c119ed3</product_parent_urn>
         <product_parent>Java Platform Standard Edition 6 (Java SE 6)</product_parent>
         <product_defined_inst_id>id=1.6.0_20-b02 x86,dir=C:\Program Files\Java\jdk1.6.0_20\jre</product_defined_inst_id>
         <product_vendor>Sun Microsystems</product_vendor>
         <platform_arch>x86</platform_arch>
         <timestamp>2010-06-21 17:22:45 GMT</timestamp>
         <container>global</container>
         <source>Windows JDK i586 installer</source>
         <installer_uid>-1</installer_uid>
      </service_tag>
   </registry>
</registration_data>
